{"fx": 610.0401611328125, "fy": 608.69580078125, "ppx": 318.5464172363281, "ppy": 247.57020568847656, "height": 480, "width": 640, "depth_scale": 0.0010000000474974513}